{"stats":{"minecraft:used":{"minecraft:trident":30,"minecraft:villager_spawn_egg":1,"minecraft:wither_skeleton_skull":3,"minecraft:pig_spawn_egg":2,"minecraft:oak_planks":8,"minecraft:spawner":8,"minecraft:wither_skeleton_spawn_egg":1,"minecraft:light_gray_wool":1,"minecraft:soul_sand":4,"minecraft:wooden_sword":1,"minecraft:dirt":6,"minecraft:crafting_table":1},"minecraft:killed":{"minecraft:sheep":1,"minecraft:spider":1},"minecraft:picked_up":{"minecraft:birch_log":1,"minecraft:stick":1,"minecraft:dandelion":1,"minecraft:oak_log":3,"minecraft:dirt":6,"minecraft:wheat_seeds":1,"minecraft:light_gray_wool":1,"minecraft:mutton":2},"minecraft:crafted":{"minecraft:wooden_sword":1,"minecraft:oak_planks":12,"minecraft:crafting_table":1,"minecraft:stick":4,"minecraft:birch_planks":4},"minecraft:mined":{"minecraft:birch_log":1,"minecraft:birch_leaves":4,"minecraft:grass":8,"minecraft:grass_block":4,"minecraft:oak_log":4,"minecraft:dirt":2,"minecraft:oak_planks":1,"minecraft:oak_leaves":1},"minecraft:dropped":{"minecraft:netherite_sword":1,"minecraft:netherite_boots":1,"minecraft:netherite_helmet":1,"minecraft:netherite_chestplate":1,"minecraft:enchanted_golden_apple":68,"minecraft:arrow":192,"minecraft:bow":1,"minecraft:netherite_leggings":1,"minecraft:dandelion":1,"minecraft:stick":1},"minecraft:custom":{"minecraft:time_since_rest":16126,"minecraft:sprint_one_cm":30486,"minecraft:damage_taken":648,"minecraft:walk_one_cm":26056,"minecraft:mob_kills":2,"minecraft:drop":16,"minecraft:damage_dealt":463,"minecraft:interact_with_crafting_table":1,"minecraft:fly_one_cm":96472,"minecraft:player_kills":1,"minecraft:crouch_one_cm":1234,"minecraft:play_time":23763,"minecraft:deaths":2,"minecraft:sneak_time":571,"minecraft:jump":328,"minecraft:leave_game":1,"minecraft:time_since_death":16098,"minecraft:total_world_time":23763,"minecraft:fall_one_cm":13521}},"DataVersion":3465}