{"stats":{"minecraft:killed":{"minecraft:sheep":1},"minecraft:used":{"minecraft:light_gray_wool":1,"minecraft:wooden_sword":1,"minecraft:dirt":6,"minecraft:crafting_table":1,"minecraft:oak_planks":8},"minecraft:picked_up":{"minecraft:birch_log":1,"minecraft:wheat_seeds":1,"minecraft:oak_log":3,"minecraft:light_gray_wool":1,"minecraft:mutton":2,"minecraft:dirt":6,"minecraft:stick":1},"minecraft:crafted":{"minecraft:wooden_sword":1,"minecraft:oak_planks":12,"minecraft:birch_planks":4,"minecraft:crafting_table":1,"minecraft:stick":4},"minecraft:mined":{"minecraft:grass":8,"minecraft:grass_block":4,"minecraft:oak_log":4,"minecraft:dirt":2,"minecraft:birch_log":1,"minecraft:birch_leaves":4,"minecraft:oak_planks":1,"minecraft:oak_leaves":1},"minecraft:custom":{"minecraft:deaths":2,"minecraft:time_since_rest":4126,"minecraft:crouch_one_cm":1221,"minecraft:sprint_one_cm":29239,"minecraft:play_time":11763,"minecraft:damage_taken":648,"minecraft:walk_one_cm":24527,"minecraft:sneak_time":393,"minecraft:mob_kills":1,"minecraft:jump":312,"minecraft:damage_dealt":230,"minecraft:leave_game":1,"minecraft:time_since_death":4098,"minecraft:total_world_time":11763,"minecraft:player_kills":1,"minecraft:interact_with_crafting_table":1,"minecraft:fall_one_cm":12894,"minecraft:fly_one_cm":52464}},"DataVersion":3465}