{"stats":{"minecraft:killed":{"minecraft:sheep":1,"minecraft:spider":1,"minecraft:warden":1},"minecraft:dropped":{"minecraft:dirt":7,"minecraft:netherite_sword":2,"minecraft:netherite_chestplate":1,"minecraft:netherite_boots":1,"minecraft:netherite_helmet":1,"minecraft:enchanted_golden_apple":68,"minecraft:arrow":192,"minecraft:bow":1,"minecraft:netherite_leggings":1,"minecraft:dandelion":1,"minecraft:stick":1},"minecraft:mined":{"minecraft:birch_log":1,"minecraft:birch_leaves":4,"minecraft:grass":8,"minecraft:grass_block":4,"minecraft:oak_log":4,"minecraft:dirt":2,"minecraft:oak_planks":1,"minecraft:oak_leaves":1},"minecraft:used":{"minecraft:trident":30,"minecraft:netherite_sword":89,"minecraft:villager_spawn_egg":1,"minecraft:wither_skeleton_skull":3,"minecraft:oak_planks":8,"minecraft:pig_spawn_egg":2,"minecraft:spawner":8,"minecraft:wither_skeleton_spawn_egg":1,"minecraft:light_gray_wool":1,"minecraft:wooden_sword":1,"minecraft:soul_sand":4,"minecraft:dirt":15,"minecraft:crafting_table":1,"minecraft:sculk_catalyst":4},"minecraft:picked_up":{"minecraft:sculk_catalyst":1,"minecraft:birch_log":1,"minecraft:stick":1,"minecraft:dandelion":1,"minecraft:oak_log":3,"minecraft:dirt":18,"minecraft:wheat_seeds":1,"minecraft:light_gray_wool":1,"minecraft:mutton":2},"minecraft:crafted":{"minecraft:wooden_sword":1,"minecraft:oak_planks":12,"minecraft:crafting_table":1,"minecraft:stick":4,"minecraft:birch_planks":4},"minecraft:custom":{"minecraft:time_since_rest":31987,"minecraft:sprint_one_cm":31115,"minecraft:damage_taken":648,"minecraft:walk_one_cm":28814,"minecraft:mob_kills":3,"minecraft:drop":24,"minecraft:damage_dealt":6375,"minecraft:interact_with_crafting_table":1,"minecraft:fly_one_cm":305935,"minecraft:player_kills":1,"minecraft:crouch_one_cm":1246,"minecraft:play_time":39624,"minecraft:deaths":2,"minecraft:sneak_time":1302,"minecraft:walk_under_water_one_cm":868,"minecraft:jump":375,"minecraft:leave_game":2,"minecraft:walk_on_water_one_cm":397,"minecraft:time_since_death":31959,"minecraft:total_world_time":39624,"minecraft:fall_one_cm":13521}},"DataVersion":3465}