{"stats":{"minecraft:killed":{"minecraft:pig":1,"minecraft:chicken":1},"minecraft:dropped":{"minecraft:wheat_seeds":1},"minecraft:killed_by":{"minecraft:wither":1},"minecraft:mined":{"minecraft:grass":18,"minecraft:tall_grass":2},"minecraft:used":{"minecraft:netherite_sword":2,"minecraft:dirt":9,"minecraft:chicken":1,"minecraft:porkchop":3,"minecraft:egg":2},"minecraft:picked_up":{"minecraft:feather":4,"minecraft:chicken":2,"minecraft:wheat_seeds":4,"minecraft:netherite_sword":1,"minecraft:wither_rose":3,"minecraft:porkchop":3,"minecraft:dirt":48,"minecraft:egg":2},"minecraft:custom":{"minecraft:time_since_rest":313,"minecraft:deaths":3,"minecraft:crouch_one_cm":77,"minecraft:play_time":5448,"minecraft:sprint_one_cm":16147,"minecraft:damage_taken":1970,"minecraft:walk_one_cm":3495,"minecraft:sneak_time":23,"minecraft:walk_under_water_one_cm":171,"minecraft:mob_kills":2,"minecraft:drop":1,"minecraft:jump":285,"minecraft:damage_dealt":125,"minecraft:leave_game":2,"minecraft:time_since_death":278,"minecraft:walk_on_water_one_cm":2258,"minecraft:sleep_in_bed":1,"minecraft:total_world_time":5448,"minecraft:swim_one_cm":4116,"minecraft:talked_to_villager":1,"minecraft:fall_one_cm":37362,"minecraft:fly_one_cm":63481}},"DataVersion":3465}