{"stats":{"minecraft:killed":{"minecraft:pig":1,"minecraft:chicken":1,"minecraft:wither":1},"minecraft:dropped":{"minecraft:dirt":1,"minecraft:wheat_seeds":1},"minecraft:killed_by":{"minecraft:wither":1,"minecraft:warden":1},"minecraft:mined":{"minecraft:grass":18,"minecraft:tall_grass":2},"minecraft:used":{"minecraft:oak_log":3,"minecraft:netherite_sword":2,"minecraft:chicken":1,"minecraft:farmland":3,"minecraft:dirt":14,"minecraft:porkchop":3,"minecraft:egg":2},"minecraft:picked_up":{"minecraft:feather":5,"minecraft:chicken":3,"minecraft:leather":1,"minecraft:wither_rose":5,"minecraft:porkchop":3,"minecraft:dirt":50,"minecraft:wheat_seeds":5,"minecraft:netherite_sword":1,"minecraft:beef":3,"minecraft:nether_star":1,"minecraft:egg":2},"minecraft:custom":{"minecraft:time_since_rest":8483,"minecraft:walk_one_cm":5858,"minecraft:sprint_one_cm":18988,"minecraft:damage_taken":2340,"minecraft:mob_kills":3,"minecraft:drop":2,"minecraft:damage_dealt":3165,"minecraft:swim_one_cm":4116,"minecraft:talked_to_villager":1,"minecraft:fly_one_cm":133827,"minecraft:crouch_one_cm":236,"minecraft:play_time":17448,"minecraft:deaths":4,"minecraft:sneak_time":165,"minecraft:walk_under_water_one_cm":171,"minecraft:jump":338,"minecraft:leave_game":2,"minecraft:walk_on_water_one_cm":2501,"minecraft:time_since_death":535,"minecraft:sleep_in_bed":1,"minecraft:total_world_time":17448,"minecraft:fall_one_cm":39036}},"DataVersion":3465}