{"stats":{"minecraft:killed":{"minecraft:skeleton":1,"minecraft:pig":1,"minecraft:chicken":1,"minecraft:wither":1},"minecraft:dropped":{"minecraft:dirt":1,"minecraft:wheat_seeds":5},"minecraft:killed_by":{"minecraft:wither":1,"minecraft:warden":1},"minecraft:mined":{"minecraft:grass":25,"minecraft:tall_grass":13},"minecraft:used":{"minecraft:creeper_spawn_egg":2,"minecraft:oak_log":3,"minecraft:netherite_sword":2,"minecraft:snow_block":26,"minecraft:carved_pumpkin":11,"minecraft:chicken":1,"minecraft:spruce_sign":1,"minecraft:farmland":3,"minecraft:bedrock":417,"minecraft:torch":4,"minecraft:dirt":14,"minecraft:porkchop":3,"minecraft:egg":2,"minecraft:snowball":7,"minecraft:pumpkin":2},"minecraft:picked_up":{"minecraft:sculk_catalyst":1,"minecraft:feather":5,"minecraft:chicken":3,"minecraft:leather":1,"minecraft:torch":1,"minecraft:bedrock":64,"minecraft:wither_rose":6,"minecraft:porkchop":3,"minecraft:gunpowder":3,"minecraft:dirt":50,"minecraft:wheat_seeds":9,"minecraft:netherite_sword":1,"minecraft:beef":3,"minecraft:snowball":27,"minecraft:nether_star":2,"minecraft:egg":2},"minecraft:custom":{"minecraft:time_since_rest":10672,"minecraft:walk_one_cm":27099,"minecraft:sprint_one_cm":32966,"minecraft:damage_taken":2660,"minecraft:mob_kills":5,"minecraft:drop":6,"minecraft:damage_dealt":3557,"minecraft:swim_one_cm":4116,"minecraft:talked_to_villager":2,"minecraft:fly_one_cm":198709,"minecraft:crouch_one_cm":2008,"minecraft:play_time":29448,"minecraft:deaths":5,"minecraft:sneak_time":745,"minecraft:walk_under_water_one_cm":171,"minecraft:jump":542,"minecraft:leave_game":2,"minecraft:walk_on_water_one_cm":2552,"minecraft:time_since_death":10641,"minecraft:sleep_in_bed":1,"minecraft:total_world_time":29448,"minecraft:fall_one_cm":44067}},"DataVersion":3465}