{"stats":{"minecraft:used":{"minecraft:stone_axe":3,"minecraft:flower_pot":1,"minecraft:crafting_table":1,"minecraft:oak_sapling":1,"minecraft:bread":1,"minecraft:oak_planks":24,"minecraft:wooden_pickaxe":3},"minecraft:picked_up":{"minecraft:birch_log":5,"minecraft:flower_pot":1,"minecraft:dandelion":3,"minecraft:oak_log":16,"minecraft:yellow_bed":1,"minecraft:oak_sapling":2,"minecraft:cobblestone":3},"minecraft:crafted":{"minecraft:oak_planks":50,"minecraft:birch_planks":20,"minecraft:stone_axe":1,"minecraft:crafting_table":1,"minecraft:stick":8,"minecraft:wooden_pickaxe":1},"minecraft:killed_by":{"minecraft:player":1},"minecraft:mined":{"minecraft:grass":2,"minecraft:potted_dandelion":1,"minecraft:oak_log":16,"minecraft:oak_sapling":1,"minecraft:birch_log":5,"minecraft:cobblestone":3,"minecraft:dandelion":2,"minecraft:oak_leaves":4,"minecraft:yellow_bed":1},"minecraft:custom":{"minecraft:open_chest":1,"minecraft:time_since_rest":5133,"minecraft:crouch_one_cm":2713,"minecraft:walk_one_cm":7355,"minecraft:play_time":7842,"minecraft:sprint_one_cm":18365,"minecraft:damage_taken":284,"minecraft:deaths":1,"minecraft:sneak_time":632,"minecraft:pot_flower":1,"minecraft:jump":211,"minecraft:damage_dealt":178,"minecraft:time_since_death":5104,"minecraft:total_world_time":7842,"minecraft:interact_with_crafting_table":2,"minecraft:fall_one_cm":5691,"minecraft:fly_one_cm":42545}},"DataVersion":3465}