{"stats":{"minecraft:killed":{"minecraft:pig":1,"minecraft:villager":3},"minecraft:used":{"minecraft:oak_log":3,"minecraft:netherite_sword":17,"minecraft:flower_pot":1,"minecraft:birch_planks":20,"minecraft:bread":3,"minecraft:oak_planks":141,"minecraft:wooden_pickaxe":8,"minecraft:stone_axe":48,"minecraft:dirt":32,"minecraft:sand":22,"minecraft:bow":43,"minecraft:crafting_table":1,"minecraft:oak_sapling":1,"minecraft:enchanted_golden_apple":9},"minecraft:picked_up":{"minecraft:stripped_oak_log":1,"minecraft:birch_log":5,"minecraft:netherite_boots":1,"minecraft:stick":4,"minecraft:flower_pot":1,"minecraft:wooden_pickaxe":1,"minecraft:dandelion":7,"minecraft:oak_stairs":3,"minecraft:gravel":9,"minecraft:sand":22,"minecraft:porkchop":6,"minecraft:oak_log":44,"minecraft:white_bed":2,"minecraft:yellow_bed":2,"minecraft:netherite_leggings":1,"minecraft:dirt":142,"minecraft:string":2,"minecraft:arrow":192,"minecraft:apple":3,"minecraft:bow":1,"minecraft:stone_axe":1,"minecraft:netherite_helmet":1,"minecraft:wheat_seeds":3,"minecraft:netherite_sword":1,"minecraft:bread":7,"minecraft:netherite_chestplate":1,"minecraft:enchanted_golden_apple":68,"minecraft:oak_sapling":2,"minecraft:oak_planks":23,"minecraft:cobblestone":3},"minecraft:crafted":{"minecraft:oak_planks":150,"minecraft:crafting_table":1,"minecraft:stick":8,"minecraft:wooden_pickaxe":1,"minecraft:birch_planks":20,"minecraft:stone_axe":1},"minecraft:killed_by":{"minecraft:player":1},"minecraft:mined":{"minecraft:white_bed":1,"minecraft:oak_sapling":1,"minecraft:birch_log":5,"minecraft:dandelion":2,"minecraft:yellow_bed":1,"minecraft:grass":9,"minecraft:potted_dandelion":1,"minecraft:oak_log":41,"minecraft:cobblestone":3,"minecraft:oak_leaves":4,"minecraft:spawner":4},"minecraft:dropped":{"minecraft:oak_planks":4},"minecraft:custom":{"minecraft:time_since_rest":7555,"minecraft:damage_absorbed":895,"minecraft:sprint_one_cm":48970,"minecraft:damage_taken":1205,"minecraft:walk_one_cm":29437,"minecraft:mob_kills":4,"minecraft:drop":1,"minecraft:damage_dealt":1390,"minecraft:interact_with_crafting_table":2,"minecraft:fly_one_cm":103595,"minecraft:open_chest":1,"minecraft:crouch_one_cm":6648,"minecraft:play_time":19946,"minecraft:deaths":2,"minecraft:sneak_time":1709,"minecraft:walk_under_water_one_cm":249,"minecraft:pot_flower":1,"minecraft:jump":638,"minecraft:leave_game":1,"minecraft:time_since_death":7479,"minecraft:walk_on_water_one_cm":3734,"minecraft:damage_resisted":338,"minecraft:total_world_time":19946,"minecraft:fall_one_cm":56797}},"DataVersion":3465}